observation-checklist,4
"Ch 3 - Authoritative Style Worksheet (1) (3)",1
"Essential Questions Chapter 3",1
"America's Courts and the Criminal Justice System -- Neubauer, David W_, author; Fradella, Henry F_, author -- Twelfth edition, Student edition, -- 9781305261051 -- 43200e9395a2b7f15ceb9a00ec2a490b -- Anna’s Archiv.pdf",1
"Ch 3 - Authoritative Style Worksheet (1) (1) (34)",1
emergency_estimates_with_reasons,1
Neubauer_ACCJS_13e_PPT_Ch06,3
"Early Childhood Experiences in Language Arts_ Early -- Jeanne M_ Machado -- 10, 2012-01-01 -- Wadsworth Cengage Learning -- 9780840028488 -- ee1035a9e74e8f15252e895ac1ecf599 -- Anna’s Archive",3
"en-ECED 1300 Chapter 5 Video Lecture",2
"Ch 3 - Authoritative Style Worksheet (1) (1) (28)",1
Neubauer_ACCJS_13e_PPT_Ch062,1
Reflective_Journals,2
"Listening Skills Activity Card",1
"A Constitution for a Few",1
"KeepingKidsSafe_tcm1053-317025 (1)",1
ms3t08,1
emilio,2
Yes1,2
objective_3,2
"ABDULRAHMAN SAATY CV",1
"Fees Statement",1
emergency_estimates_updated,1
doc_67c2456bebfdd8.37810404,1
"MRS JY  (ANSWERS)",1
